{
  "ShowSendToMenu": true,
  "ShowOpenInNewWindow": true,
  "AppThemeSidebarBackgroundColor": "",
  "ShowGitLastCommitDateColumn": false,
  "ShowOpenInNewPane": true,
  "DateTimeFormat": 0,
  "NameColumnWidth": 240,
  "ShowStatusBar": true,
  "AppThemeBackgroundImageHorizontalAlignment": 1,
  "GitStatusColumnWidth": 80,
  "OpenItemsWithOneClick": false,
  "AppThemeBackgroundColor": "#324A5459",
  "IsDriveSectionExpanded": true,
  "SelectFilesOnHover": false,
  "GitCommitAuthorColumnWidth": 140,
  "MediaVolume": 1,
  "AppThemeFontFamily": "Segoe UI Variable",
  "AppThemeToolbarBackgroundColor": "",
  "ScrollToPreviousFolderWhenNavigatingUp": true,
  "StatusCenterVisibility": 0,
  "HasClickedReviewPrompt": false,
  "ShowCreateFolderWithSelection": true,
  "DetailsViewSize": 2,
  "ShowNetworkLocationsWidget": false,
  "ShowCopyPath": true,
  "DoubleClickToGoUp": true,
  "NetworkLocationsWidgetExpanded": false,
  "DefaultSortDirectoriesAlongsideFiles": false,
  "ShowQuickAccessWidget": false,
  "IsPinnedSectionExpanded": true,
  "ShowDateColumn": true,
  "ShowCreateShortcut": true,
  "IsSidebarOpen": true,
  "GridViewSize": 5,
  "RestoreTabsOnStartup": false,
  "AppThemeAddressBarBackgroundColor": "",
  "AppThemeBackgroundImageFit": 3,
  "ShowPinnedSection": true,
  "OpenFoldersWithOneClick": 0,
  "ShowGitLastCommitShaColumn": false,
  "IsInfoPaneEnabled": true,
  "ShowFileExtensionWarning": false,
  "DefaultDirectorySortDirection": 0,
  "ShowGitLastCommitMessageColumn": false,
  "AlwaysOpenDualPaneInNewTab": false,
  "ColumnLayoutOpenFoldersWithOneClick": true,
  "AppThemeInfoPaneBackgroundColor": "",
  "ShowSyncStatusColumn": true,
  "DefaultLayoutMode": 5,
  "GitLastCommitMessageColumnWidth": 140,
  "ContinueLastSessionOnStartUp": true,
  "TypeColumnWidth": 140,
  "IDEPath": "code",
  "ShowStatusCenterTeachingTip": false,
  "ShowCheckboxesWhenSelectingItems": true,
  "ShowGitStatusColumn": false,
  "ShowOpenInNewTab": true,
  "ShowDrivesSection": true,
  "ShowSizeColumn": true,
  "ShowFileExtensions": true,
  "HorizontalSizePx": 262,
  "SyncStatusColumnWidth": 50,
  "MoveShellExtensionsToSubMenu": true,
  "ShowSystemTrayIcon": true,
  "SidebarWidth": 255,
  "ShowTypeColumn": true,
  "GitLastCommitDateColumnWidth": 140,
  "IsNetworkSectionExpanded": false,
  "DateModifiedColumnWidth": 200,
  "VerticalSizePx": 100,
  "ShowOpenTerminal": true,
  "ShowProtectedSystemFiles": false,
  "ShowThumbnails": true,
  "ShowGitCommitAuthorColumn": false,
  "IDEName": "Visual Studio Code",
  "ListViewSize": 2,
  "OpenSpecificPageOnStartup": false,
  "ShowHiddenItems": false,
  "ShowFileTagsWidget": false,
  "ShowDateDeletedColumn": true,
  "AreAlternateStreamsVisible": false,
  "CardsViewSize": 1,
  "LeaveAppRunning": true,
  "ShowTabActions": true,
  "ShowShelfPane": false,
  "ConflictsResolveOption": 1,
  "ShowDotFiles": true,
  "AppThemeFileAreaSecondaryBackgroundColor": "",
  "RecentFilesWidgetExpanded": false,
  "ShowRecentFilesWidget": false,
  "ShowDateCreatedColumn": false,
  "OpenNewTabOnStartup": false,
  "ShowFileTagColumn": false,
  "DateCreatedColumnWidth": 200,
  "ShowPathColumn": true,
  "ShowBackgroundRunningNotification": false,
  "DeleteConfirmationPolicy": 1,
  "DrivesWidgetExpanded": true,
  "SizeColumnWidth": 100,
  "TabsOnStartupList": null,
  "ShowFileTagsSection": false,
  "OpenFoldersInNewTab": false,
  "AppThemeBackgroundImageSource": "",
  "ShowNetworkSection": false,
  "OpenInIDEOption": 0,
  "SyncFolderPreferencesAcrossDirectories": false,
  "IsFileTagsSectionExpanded": false,
  "AppThemeBackdropMaterial": 4,
  "CalculateFolderSizes": false,
  "DefaultSortOption": 0,
  "ColumnsViewSize": 2,
  "ShowOriginalPathColumn": true,
  "ShowCloudDrivesSection": false,
  "ShowWslSection": true,
  "SizeUnitFormat": 1,
  "ShowLibrarySection": false,
  "PathColumnWidth": 200,
  "ShowCreateAlternateDataStream": false,
  "DateDeletedColumnWidth": 200,
  "DefaultGroupByDateUnit": 0,
  "FoldersWidgetExpanded": true,
  "GitLastCommitShaColumnWidth": 80,
  "AlwaysSwitchToNewlyOpenedTab": false,
  "DefaultGroupOption": 0,
  "OriginalPathColumnWidth": 200,
  "HasClickedSponsorPrompt": true,
  "ShowFilterHeader": false,
  "ActionsV2": null,
  "IsCloudDriveSectionExpanded": true,
  "ShowShelfPaneToggleButton": false,
  "ShowCompressionOptions": true,
  "ShowEditTagsMenu": false,
  "DefaultSortFilesFirst": false,
  "DefaultDirectoryGroupDirection": 0,
  "ShowFlattenOptions": false,
  "AppThemeFileAreaBackgroundColor": "",
  "TagColumnWidth": 140,
  "AppThemeMode": "Default",
  "AppThemeBackgroundImageOpacity": 1,
  "ShellPaneArrangementOption": 2,
  "AppThemeBackgroundImageVerticalAlignment": 1,
  "ShowToolbar": true,
  "ShowDrivesWidget": true,
  "OpenTabInExistingInstance": true,
  "SelectedTab": 1
}